leaf_id,n,complexity,mse_val,equation
2,403,6,0.00263492,"sin(x3) + (x2 * 1.9978116)"
3,314,6,0.00284673,"(x2 * 2.0022318) + sin(x3)"
5,408,4,0.00253555,"log(x2) * x4"
6,375,5,0.00302606,"sqrt(abs(x3 - x5))"